[{"name":"Alejandro","lastName":"Laos","email":"alejandrolaos68@hotmail.com","password":"$2y$10$gfreI1P0VqUSaoiQVkz7ZOKtuADV50FYzTKx3EVPuN5rKq1lxlWmC","avatar":"5ce3432c96e6a.jpg","perfil":1},{"name":"Ale","lastName":"Laos","email":"aml@kjksjd.com","password":"$2y$10$U.KaTLbkI5X8.1fqoL5Wo.XMaLVgcjac39Y45Y\/ta5n0edgyho63C","avatar":"5ce344dc7e5e2.jpg","perfil":1},{"name":"fran","lastName":"loc","email":"locane.francisco@gmail.com","password":"$2y$10$6ov1ccx8pJEHQ.9fxpDviuoXk5HayuIrUMMiIMAQg0k8JBrFQBAMS","avatar":"5ce3474317587.jpg","perfil":1},{"name":"mauro","lastName":"profetico","email":"mauro@gmail.com","password":"$2y$10$zqem2ZUbsbliLfthTWgcOeTQYey77BFPuMx4lieWUtOlOOB1lE4..","avatar":"5ce5b9d5092f8.jpg","perfil":1}]